{"cameraMode":{"drawMode":0,"name":"Shaded","section":"Shading Mode"},"sceneLighting":true,"audioPlay":false,"sceneViewState":{"m_AlwaysRefresh":false,"showFog":true,"showSkybox":true,"showFlares":true,"showImageEffects":true,"showParticleSystems":true,"showVisualEffectGraphs":true,"m_FxEnabled":true},"in2DMode":false,"pivot":{"x":-9.076436996459961,"y":6.727631568908691,"z":18.360246658325197},"rotation":{"x":-0.0037157065235078336,"y":-0.9945415258407593,"z":0.09758809953927994,"w":-0.03854288533329964},"size":4.606708526611328,"orthographic":false}