{"cameraMode":{"drawMode":0,"name":"Shaded","section":"Shading Mode"},"sceneLighting":false,"audioPlay":false,"sceneViewState":{"m_AlwaysRefresh":false,"showFog":true,"showSkybox":false,"showFlares":true,"showImageEffects":true,"showParticleSystems":true,"showVisualEffectGraphs":true,"m_FxEnabled":true},"in2DMode":false,"pivot":{"x":-1.3495208024978638,"y":1.0690417289733887,"z":0.8489775657653809},"rotation":{"x":-0.0435902401804924,"y":0.8627796769142151,"z":-0.07552190124988556,"w":-0.49801042675971987},"size":0.9044299125671387,"orthographic":false}