{"cameraMode":{"drawMode":0,"name":"Shaded","section":"Shading Mode"},"sceneLighting":true,"audioPlay":false,"sceneViewState":{"m_AlwaysRefresh":false,"showFog":true,"showSkybox":true,"showFlares":true,"showImageEffects":true,"showParticleSystems":true,"showVisualEffectGraphs":true,"m_FxEnabled":true},"in2DMode":false,"pivot":{"x":-7.5311126708984379,"y":14.948562622070313,"z":6.6174516677856449},"rotation":{"x":0.031811632215976718,"y":0.832000195980072,"z":0.0479690283536911,"w":-0.5517826676368713},"size":13.381972312927246,"orthographic":false}